student_id,name,cgpa,skills,certifications,attendance,internship,placement,job_role,cgpa_range
1001,Swathi N,9.1,"SQL, Python, HTML, C++","None, Web Dev Cert",94%,No,No,,Excellent (9-10)
1002,Rahul S,9.1,"Tableau, Power BI, Excel",Excel,99%,No,No,,Excellent (9-10)
1003,Anjali L,8.1,"SQL, Tableau, HTML, Excel","ML Cert, Web Dev Cert",77%,No,Yes,Software Engineer,Very Good (8-8.9)
1004,Rahul N,9.8,"CSS, JavaScript, Java",Web Dev Cert,68%,No,No,,Excellent (9-10)
1005,Rohan K,6.1,"Power BI, JavaScript, Tableau, SQL",Web Dev Cert,93%,No,No,,Average (6-6.9)
1006,Arun R,9.1,"Excel, JavaScript","None, Excel",98%,No,No,,Excellent (9-10)
1007,Swathi J,6.7,"Python, SQL, C++, Java","Power BI, ML Cert",98%,No,Yes,,Average (6-6.9)
1008,Nikhil M,5.5,"HTML, Python, Excel, C++",Power BI,72%,No,No,,Low (<6)
1009,Priya N,5.4,"C++, SQL",Power BI,94%,No,No,,Low (<6)
1010,Kavya N,6.3,"SQL, CSS, Power BI","ML Cert, Excel",100%,No,Yes,Software Engineer,Average (6-6.9)
1011,Priya R,8.1,"Python, Tableau","None, Power BI",88%,No,Yes,Data Analyst,Very Good (8-8.9)
1012,Vikram N,8.3,"SQL, C++, Power BI","Excel, ML Cert",65%,No,No,,Very Good (8-8.9)
1013,Divya R,9.2,"C++, Power BI","Power BI, ML Cert",89%,No,Yes,Web Developer,Excellent (9-10)
1014,Rahul S,7.6,"JavaScript, C++, CSS, Tableau",Web Dev Cert,86%,No,Yes,Data Analyst,Good (7-7.9)
1015,Rahul K,5.4,"Python, Power BI","ML Cert, Excel",97%,Yes,Yes,Software Engineer,Low (<6)
1016,Rohan L,6.9,"CSS, SQL, Power BI, HTML",Excel,89%,Yes,No,,Average (6-6.9)
1017,Nikhil J,7.3,"HTML, C++, Python","Power BI, ML Cert",97%,No,Yes,BI Developer,Good (7-7.9)
1018,Vikram R,5.1,"Python, CSS, C++","Power BI, None",98%,No,Yes,BI Developer,Low (<6)
1019,Anjali J,5.5,"Java, HTML, Python",ML Cert,88%,No,No,,Low (<6)
1020,Nikhil A,6.8,"HTML, Tableau","ML Cert, Web Dev Cert",83%,Yes,No,,Average (6-6.9)
1021,Nikhil R,7.3,"Java, Tableau, SQL","None, Excel",98%,Yes,Yes,Software Engineer,Good (7-7.9)
1022,Divya L,6.2,"Tableau, C++","ML Cert, None",70%,Yes,No,,Average (6-6.9)
1023,Priya T,6.0,"Java, Tableau, HTML",,65%,No,No,,Average (6-6.9)
1024,Nikhil R,6.5,"Power BI, Tableau","Power BI, Excel",80%,Yes,No,,Average (6-6.9)
1025,Anjali K,7.1,"HTML, Power BI",Web Dev Cert,89%,Yes,Yes,Web Developer,Good (7-7.9)
1026,Nikhil T,7.7,"Tableau, SQL, Python, JavaScript",ML Cert,69%,No,No,,Good (7-7.9)
1027,Kavya R,9.7,"CSS, C++, Excel","ML Cert, None",77%,No,Yes,Software Engineer,Excellent (9-10)
1028,Priya M,7.9,"C++, CSS, JavaScript","Power BI, ML Cert",89%,Yes,Yes,Data Analyst,Good (7-7.9)
1029,Rohan T,7.9,"Java, HTML, Excel, Python","ML Cert, Power BI",98%,No,No,,Good (7-7.9)
1030,Rahul A,6.5,"Python, SQL, HTML","Excel, ML Cert",93%,Yes,No,,Average (6-6.9)
1031,Rohan S,8.5,"Tableau, SQL, HTML",Web Dev Cert,79%,Yes,No,,Very Good (8-8.9)
1032,Divya T,9.9,"Java, CSS, Python, Power BI","ML Cert, None",67%,No,No,,Excellent (9-10)
1033,Rohan A,8.7,"Tableau, Excel, Java","ML Cert, Web Dev Cert",65%,Yes,Yes,Data Engineer,Very Good (8-8.9)
1034,Arun N,9.8,"Python, Java, CSS",Web Dev Cert,90%,No,Yes,Web Developer,Excellent (9-10)
1035,Divya J,7.3,"Python, HTML","None, Excel",82%,No,Yes,,Good (7-7.9)
1036,Rahul K,5.9,"HTML, C++, JavaScript, Excel","Power BI, Excel",99%,Yes,No,,Low (<6)
1037,Nikhil A,9.1,"Tableau, JavaScript, CSS",Power BI,67%,Yes,No,,Excellent (9-10)
1038,Divya J,7.1,"Tableau, Power BI, SQL, HTML","Power BI, Excel",78%,No,No,,Good (7-7.9)
1039,Divya M,8.4,"SQL, C++, Power BI","Power BI, Web Dev Cert",91%,No,No,,Very Good (8-8.9)
1040,Divya A,6.8,"Tableau, SQL, Excel",Web Dev Cert,82%,Yes,No,,Average (6-6.9)
1041,Rohan S,7.0,"SQL, Excel","Web Dev Cert, Excel",92%,Yes,Yes,,Good (7-7.9)
1042,Priya A,8.4,"HTML, Excel, SQL",Power BI,78%,No,No,,Very Good (8-8.9)
1043,Rahul S,9.4,"HTML, SQL, Java","ML Cert, Excel",71%,Yes,Yes,Data Analyst,Excellent (9-10)
1044,Nikhil M,5.8,"Python, HTML","None, Power BI",98%,No,No,,Low (<6)
1045,Swathi L,9.1,"HTML, Tableau, Python, JavaScript","Power BI, Web Dev Cert",72%,Yes,Yes,Data Engineer,Excellent (9-10)
1046,Rahul S,8.3,"C++, Excel, Python, HTML","Web Dev Cert, ML Cert",72%,Yes,Yes,Data Analyst,Very Good (8-8.9)
1047,Rahul J,9.2,"Power BI, SQL","ML Cert, None",78%,Yes,Yes,BI Developer,Excellent (9-10)
1048,Rahul A,7.4,"Tableau, CSS",Excel,79%,No,Yes,BI Developer,Good (7-7.9)
1049,Kavya D,6.6,"CSS, HTML","Excel, Web Dev Cert",70%,Yes,No,,Average (6-6.9)
1050,Nikhil K,9.7,"Java, Python","ML Cert, Web Dev Cert",67%,Yes,Yes,BI Developer,Excellent (9-10)
1051,Kavya S,7.8,"HTML, Python, Power BI, Java","Excel, Power BI",83%,No,No,,Good (7-7.9)
1052,Swathi A,8.2,"C++, CSS",Excel,73%,Yes,No,,Very Good (8-8.9)
1053,Rahul D,9.2,"JavaScript, Power BI, Java, C++",Power BI,74%,Yes,No,,Excellent (9-10)
1054,Kavya T,7.3,"SQL, HTML, Tableau, Power BI",Power BI,69%,Yes,Yes,Data Engineer,Good (7-7.9)
1055,Vikram M,7.9,"CSS, Tableau, JavaScript",ML Cert,85%,No,Yes,,Good (7-7.9)
1056,Priya N,7.2,"SQL, HTML, Tableau, Excel",Power BI,96%,Yes,Yes,Software Engineer,Good (7-7.9)
1057,Divya K,5.7,"HTML, JavaScript, Power BI, Java","ML Cert, None",91%,No,No,,Low (<6)
1058,Kavya M,5.7,"Java, HTML",Power BI,66%,Yes,No,,Low (<6)
1059,Arun R,7.1,"SQL, JavaScript, CSS",ML Cert,75%,No,Yes,Data Analyst,Good (7-7.9)
1060,Arun T,8.1,"Python, Java, SQL","ML Cert, None",80%,Yes,No,,Very Good (8-8.9)
1061,Rohan R,5.2,"CSS, JavaScript",Excel,79%,No,No,,Low (<6)
1062,Nikhil R,7.6,"Python, CSS, C++",ML Cert,100%,No,Yes,Web Developer,Good (7-7.9)
1063,Swathi K,7.5,"Tableau, Excel",Web Dev Cert,86%,No,No,,Good (7-7.9)
1064,Kavya L,7.9,"Excel, Python, HTML, CSS",,75%,Yes,Yes,BI Developer,Good (7-7.9)
1065,Anjali A,9.8,"HTML, Excel, CSS",ML Cert,91%,Yes,Yes,Web Developer,Excellent (9-10)
1066,Swathi L,6.1,"CSS, SQL","Power BI, Web Dev Cert",67%,Yes,No,,Average (6-6.9)
1067,Rahul R,6.6,"Tableau, Power BI, Excel","Power BI, Excel",91%,No,No,,Average (6-6.9)
1068,Arun M,9.3,"Power BI, Java, CSS",Web Dev Cert,83%,No,No,,Excellent (9-10)
1069,Rohan A,5.6,"CSS, C++, HTML",Power BI,88%,No,Yes,,Low (<6)
1070,Nikhil L,8.9,"JavaScript, CSS, HTML",Web Dev Cert,83%,Yes,Yes,Data Engineer,Very Good (8-8.9)
1071,Anjali S,8.1,"Python, JavaScript, Tableau",,87%,Yes,No,,Very Good (8-8.9)
1072,Kavya R,8.8,"JavaScript, CSS","None, Power BI",88%,No,Yes,BI Developer,Very Good (8-8.9)
1073,Priya N,5.0,"CSS, JavaScript, SQL","ML Cert, Power BI",95%,Yes,Yes,Data Analyst,Low (<6)
1074,Priya J,5.8,"JavaScript, Excel",Web Dev Cert,77%,Yes,Yes,BI Developer,Low (<6)
1075,Rahul J,5.5,"Excel, JavaScript, CSS","Power BI, None",67%,Yes,No,,Low (<6)
1076,Anjali A,5.8,"Python, SQL, HTML",Power BI,91%,Yes,No,,Low (<6)
1077,Kavya S,7.0,"HTML, SQL","Power BI, Excel",91%,No,No,,Good (7-7.9)
1078,Rohan M,6.1,"HTML, JavaScript","Web Dev Cert, Power BI",70%,Yes,No,,Average (6-6.9)
1079,Rahul K,7.7,"Java, CSS, Python, Tableau","Web Dev Cert, None",89%,No,No,,Good (7-7.9)
1080,Rohan M,5.6,"JavaScript, CSS",ML Cert,89%,No,Yes,Data Analyst,Low (<6)
1081,Anjali N,8.5,"Java, JavaScript","ML Cert, Web Dev Cert",67%,Yes,Yes,Data Analyst,Very Good (8-8.9)
1082,Anjali D,7.5,"SQL, Python","None, Web Dev Cert",80%,Yes,Yes,Data Analyst,Good (7-7.9)
1083,Rahul D,5.8,"Java, SQL",Web Dev Cert,98%,No,Yes,Data Engineer,Low (<6)
1084,Divya K,8.3,"Tableau, Java, Python, SQL",Excel,68%,No,Yes,Data Engineer,Very Good (8-8.9)
1085,Anjali R,7.9,"Excel, SQL, HTML",Web Dev Cert,74%,No,Yes,Software Engineer,Good (7-7.9)
1086,Rahul K,7.2,"Power BI, Java",ML Cert,100%,No,Yes,Data Analyst,Good (7-7.9)
1087,Rohan S,9.1,"Java, Python, JavaScript, HTML",,82%,Yes,Yes,Data Engineer,Excellent (9-10)
1088,Rohan S,9.1,"Excel, JavaScript, SQL","ML Cert, Power BI",91%,Yes,No,,Excellent (9-10)
1089,Divya L,7.9,"JavaScript, CSS",Web Dev Cert,75%,No,Yes,Data Analyst,Good (7-7.9)
1090,Swathi J,5.7,"JavaScript, Python, Tableau, CSS",ML Cert,89%,Yes,No,,Low (<6)
1091,Divya A,7.3,"CSS, Tableau",Excel,67%,Yes,Yes,Data Engineer,Good (7-7.9)
1092,Rahul K,6.4,"Tableau, JavaScript",ML Cert,77%,Yes,No,,Average (6-6.9)
1093,Arun A,9.9,"HTML, JavaScript","ML Cert, Excel",82%,Yes,Yes,Data Engineer,Excellent (9-10)
1094,Nikhil D,8.4,"Tableau, HTML, CSS","Excel, Power BI",94%,No,No,,Very Good (8-8.9)
1095,Vikram N,5.7,"Excel, C++, Python",ML Cert,66%,No,No,,Low (<6)
1096,Arun A,5.6,"Excel, Tableau, Power BI, SQL",,86%,No,No,,Low (<6)
1097,Swathi J,5.8,"JavaScript, Power BI","Power BI, Excel",87%,Yes,Yes,BI Developer,Low (<6)
1098,Nikhil L,9.0,"Excel, Python, SQL",Web Dev Cert,70%,No,Yes,Data Analyst,Excellent (9-10)
1099,Divya R,6.1,"JavaScript, HTML, CSS, Tableau","None, Web Dev Cert",80%,No,No,,Average (6-6.9)
1100,Swathi S,7.2,"Java, SQL, JavaScript, Power BI",Web Dev Cert,68%,No,Yes,Web Developer,Good (7-7.9)
1101,Swathi K,5.9,"Java, SQL, CSS, HTML",Web Dev Cert,98%,Yes,No,,Low (<6)
1102,Anjali T,8.4,"Python, JavaScript",Web Dev Cert,84%,No,No,,Very Good (8-8.9)
1103,Rohan L,5.4,"Java, Excel",Excel,77%,No,Yes,Software Engineer,Low (<6)
1104,Vikram M,7.4,"Python, Java, C++",,77%,Yes,No,,Good (7-7.9)
1105,Divya A,7.6,"SQL, CSS","Power BI, Web Dev Cert",84%,Yes,Yes,,Good (7-7.9)
1106,Rohan D,7.0,"C++, Python, HTML",Web Dev Cert,67%,Yes,No,,Good (7-7.9)
1107,Rahul J,7.2,"Java, Excel, Power BI",Web Dev Cert,98%,No,No,,Good (7-7.9)
1108,Vikram K,8.7,"Python, Tableau, HTML","Power BI, None",84%,Yes,No,,Very Good (8-8.9)
1109,Rohan A,8.5,"Java, Power BI",Excel,85%,Yes,No,,Very Good (8-8.9)
1110,Swathi M,8.2,"Excel, Tableau, Java",ML Cert,99%,No,Yes,Web Developer,Very Good (8-8.9)
1111,Priya R,5.3,"JavaScript, HTML",Excel,71%,No,No,,Low (<6)
1112,Swathi K,9.1,"HTML, CSS, JavaScript, Python","ML Cert, None",66%,No,No,,Excellent (9-10)
1113,Kavya S,8.0,"C++, Java, JavaScript, Tableau",,87%,No,No,,Very Good (8-8.9)
1114,Kavya S,8.9,"SQL, CSS, C++, HTML",Web Dev Cert,92%,Yes,Yes,Data Engineer,Very Good (8-8.9)
1115,Arun D,6.7,"CSS, Java, Power BI",Excel,67%,Yes,No,,Average (6-6.9)
1116,Swathi M,7.9,"Power BI, Tableau","Excel, Web Dev Cert",95%,Yes,Yes,Web Developer,Good (7-7.9)
1117,Rahul S,7.5,"Tableau, JavaScript, CSS, Power BI",Excel,83%,No,No,,Good (7-7.9)
1118,Arun S,6.2,"C++, Java",Web Dev Cert,74%,Yes,No,,Average (6-6.9)
1119,Divya D,5.7,"JavaScript, Power BI, HTML, SQL","None, ML Cert",97%,Yes,No,,Low (<6)
1120,Anjali D,8.8,"HTML, JavaScript, Python, CSS",ML Cert,97%,Yes,No,,Very Good (8-8.9)
1121,Vikram L,7.7,"CSS, Python",Power BI,76%,No,Yes,BI Developer,Good (7-7.9)
1122,Nikhil T,9.3,"Tableau, Java, Power BI","None, Web Dev Cert",100%,Yes,Yes,BI Developer,Excellent (9-10)
1123,Swathi A,7.2,"HTML, Java, Excel","Excel, ML Cert",65%,No,Yes,BI Developer,Good (7-7.9)
1124,Vikram D,9.7,"Power BI, C++",ML Cert,72%,No,No,,Excellent (9-10)
1125,Arun K,9.5,"SQL, Java","Power BI, ML Cert",75%,Yes,Yes,BI Developer,Excellent (9-10)
1126,Priya N,6.1,"JavaScript, Java","ML Cert, Excel",88%,Yes,No,,Average (6-6.9)
1127,Anjali N,5.7,"C++, JavaScript, Java, Python","Excel, Power BI",68%,Yes,No,,Low (<6)
1128,Rahul N,5.1,"SQL, Tableau, C++, Excel","Excel, Web Dev Cert",92%,No,Yes,Data Analyst,Low (<6)
1129,Divya R,9.1,"Tableau, JavaScript, Excel, HTML","Excel, Web Dev Cert",92%,Yes,Yes,BI Developer,Excellent (9-10)
1130,Divya K,7.5,"SQL, Java",Excel,75%,Yes,No,,Good (7-7.9)
1131,Divya J,6.1,"Java, Tableau, C++","Power BI, ML Cert",69%,No,Yes,Data Analyst,Average (6-6.9)
1132,Nikhil N,9.5,"Excel, SQL",,84%,Yes,Yes,,Excellent (9-10)
1133,Kavya L,7.2,"Python, C++, CSS",ML Cert,84%,Yes,Yes,Software Engineer,Good (7-7.9)
1134,Divya L,9.7,"HTML, Python, CSS, JavaScript",,96%,No,No,,Excellent (9-10)
1135,Nikhil T,8.9,"C++, Power BI","ML Cert, Web Dev Cert",69%,Yes,No,,Very Good (8-8.9)
1136,Divya L,9.6,"Python, C++","Power BI, None",100%,No,Yes,BI Developer,Excellent (9-10)
1137,Rahul R,5.3,"JavaScript, HTML",ML Cert,93%,No,No,,Low (<6)
1138,Divya L,9.8,"SQL, Power BI",Excel,90%,Yes,Yes,Data Engineer,Excellent (9-10)
1139,Rahul A,9.7,"Python, CSS, JavaScript, Tableau",Excel,67%,Yes,No,,Excellent (9-10)
1140,Rohan J,5.9,"CSS, Excel",ML Cert,81%,No,Yes,BI Developer,Low (<6)
1141,Rohan J,7.8,"Python, C++, Power BI",,98%,Yes,Yes,,Good (7-7.9)
1142,Rahul D,5.6,"JavaScript, HTML, SQL","None, Excel",72%,No,Yes,Data Analyst,Low (<6)
1143,Rohan L,5.1,"Java, HTML, CSS, JavaScript","Excel, None",87%,Yes,No,,Low (<6)
1144,Rahul N,9.1,"C++, CSS",Excel,75%,No,No,,Excellent (9-10)
1145,Nikhil K,6.5,"CSS, Java, Power BI","Excel, Web Dev Cert",97%,Yes,Yes,Data Engineer,Average (6-6.9)
1146,Arun J,5.5,"Power BI, C++, Python",,73%,Yes,Yes,Data Analyst,Low (<6)
1147,Nikhil L,8.1,"HTML, Python","Power BI, Web Dev Cert",83%,No,No,,Very Good (8-8.9)
1148,Swathi T,5.9,"Power BI, JavaScript, Tableau","None, Excel",78%,Yes,Yes,,Low (<6)
1149,Kavya A,5.4,"JavaScript, Power BI","ML Cert, Excel",71%,Yes,No,,Low (<6)
1150,Divya R,7.8,"Power BI, Java, CSS, SQL","ML Cert, Web Dev Cert",89%,No,Yes,Software Engineer,Good (7-7.9)
1151,Swathi J,6.2,"Excel, JavaScript","None, Excel",81%,No,No,,Average (6-6.9)
1152,Rahul R,5.7,"Tableau, HTML","Power BI, ML Cert",68%,Yes,No,,Low (<6)
1153,Rohan R,5.9,"SQL, Tableau, Power BI, JavaScript","Web Dev Cert, None",83%,Yes,No,,Low (<6)
1154,Arun M,8.7,"Power BI, SQL, HTML","Web Dev Cert, ML Cert",99%,Yes,Yes,,Very Good (8-8.9)
1155,Nikhil J,6.7,"CSS, Java, Power BI","ML Cert, Excel",84%,No,Yes,,Average (6-6.9)
1156,Arun A,6.7,"Java, C++","Excel, Web Dev Cert",89%,No,No,,Average (6-6.9)
1157,Anjali J,5.2,"SQL, Java, Power BI, HTML",Power BI,97%,No,No,,Low (<6)
1158,Priya M,8.4,"Tableau, Python, C++",,87%,Yes,Yes,Data Analyst,Very Good (8-8.9)
1159,Rohan T,6.2,"Excel, Tableau, Java, SQL","Excel, None",82%,Yes,Yes,BI Developer,Average (6-6.9)
1160,Rahul J,8.0,"SQL, Python, HTML, JavaScript","Web Dev Cert, None",95%,Yes,Yes,,Very Good (8-8.9)
1161,Rahul A,5.8,"Python, HTML, SQL",Power BI,71%,Yes,No,,Low (<6)
1162,Swathi R,6.6,"JavaScript, Java, Python, C++",,75%,Yes,Yes,Data Analyst,Average (6-6.9)
1163,Swathi J,6.0,"HTML, JavaScript, Java, SQL",,86%,No,No,,Average (6-6.9)
1164,Vikram A,5.7,"Java, JavaScript, HTML","Web Dev Cert, Power BI",77%,Yes,No,,Low (<6)
1165,Divya M,9.2,"Excel, JavaScript, HTML, Python",Power BI,90%,Yes,Yes,Web Developer,Excellent (9-10)
1166,Divya L,7.0,"CSS, Tableau",Web Dev Cert,85%,No,Yes,BI Developer,Good (7-7.9)
1167,Divya N,9.4,"SQL, Java",ML Cert,83%,Yes,Yes,Data Analyst,Excellent (9-10)
1168,Vikram N,9.3,"SQL, Tableau, Java, Excel",Power BI,85%,No,No,,Excellent (9-10)
1169,Priya A,9.0,"HTML, JavaScript","Power BI, None",74%,Yes,No,,Excellent (9-10)
1170,Swathi A,7.2,"Excel, JavaScript, Tableau, CSS","Web Dev Cert, ML Cert",92%,Yes,Yes,Software Engineer,Good (7-7.9)
1171,Swathi N,8.8,"SQL, C++, Python","ML Cert, Power BI",88%,Yes,Yes,Data Engineer,Very Good (8-8.9)
1172,Rohan M,8.1,"Power BI, Java","None, Web Dev Cert",77%,No,Yes,Data Analyst,Very Good (8-8.9)
1173,Priya R,6.9,"Power BI, Java, C++","Power BI, Excel",82%,Yes,No,,Average (6-6.9)
1174,Swathi N,6.0,"Java, Tableau","Web Dev Cert, Power BI",77%,No,No,,Average (6-6.9)
1175,Rohan T,9.7,"Python, Excel","None, Web Dev Cert",87%,Yes,No,,Excellent (9-10)
1176,Arun S,5.0,"HTML, Tableau","Web Dev Cert, Power BI",99%,Yes,Yes,Data Analyst,Low (<6)
1177,Arun A,7.3,"Java, HTML, Power BI","None, ML Cert",81%,Yes,Yes,Web Developer,Good (7-7.9)
1178,Vikram D,8.1,"JavaScript, SQL, Java, Excel",Excel,82%,No,Yes,Software Engineer,Very Good (8-8.9)
1179,Nikhil A,5.8,"Python, C++, Java, Excel","None, Power BI",77%,Yes,No,,Low (<6)
1180,Divya K,8.8,"SQL, C++, Excel","Web Dev Cert, None",72%,Yes,Yes,Software Engineer,Very Good (8-8.9)
1181,Swathi D,7.1,"SQL, Python, JavaScript",Web Dev Cert,92%,Yes,Yes,BI Developer,Good (7-7.9)
1182,Divya R,5.6,"Python, Tableau",Power BI,96%,No,No,,Low (<6)
1183,Vikram N,8.5,"HTML, Tableau, C++, Power BI","ML Cert, Power BI",82%,No,Yes,Software Engineer,Very Good (8-8.9)
1184,Nikhil L,7.6,"C++, Excel, HTML, Python",Power BI,87%,Yes,No,,Good (7-7.9)
1185,Vikram S,8.0,"JavaScript, Java, C++",ML Cert,86%,No,Yes,Data Engineer,Very Good (8-8.9)
1186,Arun A,8.7,"Tableau, Power BI, HTML, JavaScript","Excel, Web Dev Cert",74%,No,No,,Very Good (8-8.9)
1187,Rahul A,5.1,"CSS, Java, Excel","None, ML Cert",97%,No,No,,Low (<6)
1188,Rohan A,8.5,"Tableau, Excel","ML Cert, Web Dev Cert",65%,Yes,Yes,BI Developer,Very Good (8-8.9)
1189,Vikram R,5.4,"Tableau, Excel, Java",Excel,97%,No,Yes,Web Developer,Low (<6)
1190,Kavya D,6.8,"JavaScript, C++, CSS",Power BI,88%,No,No,,Average (6-6.9)
1191,Kavya R,5.1,"C++, Java, Power BI, Tableau",Power BI,99%,No,No,,Low (<6)
1192,Priya T,5.4,"CSS, SQL, HTML","None, Web Dev Cert",91%,No,Yes,Data Engineer,Low (<6)
1193,Priya K,9.1,"HTML, SQL, CSS, Java",ML Cert,93%,No,No,,Excellent (9-10)
1194,Swathi N,6.8,"JavaScript, Java, Python, CSS",Power BI,69%,Yes,No,,Average (6-6.9)
1195,Arun R,6.8,"HTML, C++, SQL","Power BI, Web Dev Cert",93%,Yes,No,,Average (6-6.9)
1196,Nikhil J,6.1,"Java, JavaScript, SQL, Tableau",Web Dev Cert,88%,No,No,,Average (6-6.9)
1197,Swathi J,6.9,"C++, SQL, HTML, Python","Excel, None",70%,No,No,,Average (6-6.9)
1198,Rahul R,7.1,"Python, Tableau, CSS, Power BI","Power BI, ML Cert",98%,No,No,,Good (7-7.9)
1199,Priya M,7.9,"Tableau, Excel, Python, JavaScript","None, Web Dev Cert",80%,No,No,,Good (7-7.9)
1200,Nikhil T,8.5,"Java, Excel, Power BI, C++",Excel,75%,Yes,No,,Very Good (8-8.9)
1201,Anjali J,8.9,"JavaScript, Excel, CSS, C++","Power BI, None",71%,Yes,No,,Very Good (8-8.9)
1202,Anjali T,5.9,"JavaScript, HTML",Excel,88%,No,No,,Low (<6)
1203,Priya R,8.8,"Tableau, Excel, Java",Excel,93%,Yes,Yes,Software Engineer,Very Good (8-8.9)
1204,Divya S,5.7,"Power BI, CSS, Excel","Excel, Power BI",79%,Yes,Yes,,Low (<6)
1205,Nikhil L,9.5,"C++, SQL, Tableau, Python","Power BI, ML Cert",68%,No,Yes,Data Analyst,Excellent (9-10)
1206,Arun R,7.1,"Tableau, JavaScript, CSS, HTML","ML Cert, Power BI",74%,Yes,Yes,,Good (7-7.9)
1207,Swathi L,7.7,"Java, Tableau, Power BI",,94%,Yes,Yes,BI Developer,Good (7-7.9)
1208,Kavya K,7.6,"Excel, SQL","Excel, None",96%,No,Yes,Data Engineer,Good (7-7.9)
1209,Vikram T,7.2,"SQL, HTML, Python","ML Cert, None",84%,Yes,Yes,,Good (7-7.9)
1210,Rahul J,8.8,"SQL, Excel",Excel,83%,No,No,,Very Good (8-8.9)
1211,Swathi J,9.2,"Tableau, SQL, Power BI","None, Web Dev Cert",100%,No,Yes,Data Analyst,Excellent (9-10)
1212,Vikram D,5.5,"Java, C++",Excel,78%,Yes,No,,Low (<6)
1213,Rohan L,6.1,"Excel, HTML, Java, CSS","Power BI, ML Cert",70%,No,No,,Average (6-6.9)
1214,Priya K,7.5,"Power BI, Tableau",Power BI,77%,Yes,No,,Good (7-7.9)
1215,Nikhil K,7.7,"SQL, Tableau, Power BI",,81%,No,No,,Good (7-7.9)
1216,Vikram L,6.6,"Power BI, SQL, CSS",Web Dev Cert,65%,No,Yes,Data Engineer,Average (6-6.9)
1217,Nikhil N,9.5,"Power BI, Java, Python, CSS","Power BI, Excel",79%,Yes,Yes,Web Developer,Excellent (9-10)
1218,Priya S,5.0,"Java, CSS",ML Cert,95%,No,No,,Low (<6)
1219,Kavya N,7.7,"Tableau, JavaScript, HTML, C++",Web Dev Cert,72%,Yes,No,,Good (7-7.9)
1220,Divya A,5.6,"Power BI, Tableau, CSS",Excel,77%,Yes,No,,Low (<6)
1221,Nikhil T,6.8,"Java, Excel, HTML, SQL",Excel,66%,No,No,,Average (6-6.9)
1222,Swathi A,7.2,"HTML, Python, JavaScript, Tableau",Excel,73%,Yes,No,,Good (7-7.9)
1223,Arun N,9.1,"HTML, C++, Excel, SQL","Excel, Web Dev Cert",81%,Yes,Yes,Data Engineer,Excellent (9-10)
1224,Arun J,6.4,"SQL, CSS, C++, JavaScript","Web Dev Cert, Excel",65%,Yes,Yes,Web Developer,Average (6-6.9)
1225,Anjali A,9.8,"C++, Python",Excel,89%,No,No,,Excellent (9-10)
1226,Arun K,5.2,"JavaScript, HTML",Excel,82%,No,No,,Low (<6)
1227,Rahul L,7.9,"Python, CSS, C++","Web Dev Cert, Excel",66%,Yes,Yes,BI Developer,Good (7-7.9)
1228,Priya A,5.4,"Python, CSS, HTML","Power BI, Web Dev Cert",73%,No,No,,Low (<6)
1229,Kavya K,9.8,"Java, Tableau","Power BI, ML Cert",71%,Yes,No,,Excellent (9-10)
1230,Swathi J,8.4,"Java, HTML, JavaScript",Excel,94%,No,Yes,,Very Good (8-8.9)
1231,Kavya J,6.0,"Power BI, HTML",,66%,No,No,,Average (6-6.9)
1232,Divya M,5.7,"Tableau, HTML, Python",Excel,85%,No,No,,Low (<6)
1233,Priya M,8.7,"HTML, C++, Tableau, Java",Power BI,66%,No,Yes,Software Engineer,Very Good (8-8.9)
1234,Arun J,8.0,"Tableau, Python, C++","Power BI, ML Cert",69%,Yes,Yes,Data Engineer,Very Good (8-8.9)
1235,Vikram R,6.4,"JavaScript, Power BI",,85%,Yes,No,,Average (6-6.9)
1236,Divya R,9.6,"C++, JavaScript, SQL","Power BI, Excel",91%,Yes,Yes,Software Engineer,Excellent (9-10)
1237,Rohan T,9.8,"C++, CSS, HTML",,90%,Yes,Yes,Web Developer,Excellent (9-10)
1238,Rohan J,6.2,"Excel, SQL",Web Dev Cert,82%,Yes,No,,Average (6-6.9)
1239,Priya K,7.7,"Tableau, CSS, Java","None, Excel",78%,Yes,Yes,Data Analyst,Good (7-7.9)
1240,Rohan L,9.0,"Tableau, Power BI, HTML","Power BI, Web Dev Cert",85%,Yes,Yes,Data Engineer,Excellent (9-10)
1241,Anjali M,7.6,"Excel, JavaScript, Python, HTML",Power BI,91%,Yes,Yes,BI Developer,Good (7-7.9)
1242,Priya A,9.4,"Tableau, Python, JavaScript, Power BI","Excel, None",72%,No,No,,Excellent (9-10)
1243,Kavya T,7.4,"JavaScript, Java, Excel","Power BI, ML Cert",84%,Yes,Yes,,Good (7-7.9)
1244,Nikhil D,9.3,"Python, Power BI, Tableau","None, ML Cert",90%,Yes,Yes,,Excellent (9-10)
1245,Anjali S,9.4,"Tableau, HTML",Power BI,84%,No,Yes,,Excellent (9-10)
1246,Vikram A,9.7,"C++, Excel, HTML, SQL",Web Dev Cert,69%,No,Yes,Data Analyst,Excellent (9-10)
1247,Nikhil K,7.0,"Python, Java, JavaScript","None, Power BI",78%,No,Yes,Software Engineer,Good (7-7.9)
1248,Kavya K,6.1,"Tableau, Excel","ML Cert, None",77%,Yes,No,,Average (6-6.9)
1249,Anjali D,7.0,"SQL, Python, Java",Power BI,68%,No,Yes,Data Analyst,Good (7-7.9)
1250,Rohan L,6.0,"Python, Excel",Web Dev Cert,78%,No,No,,Average (6-6.9)
1251,Nikhil R,6.6,"Tableau, Power BI, C++, Python","None, Excel",79%,No,No,,Average (6-6.9)
1252,Rohan M,6.6,"JavaScript, Tableau","Power BI, Excel",71%,Yes,Yes,,Average (6-6.9)
1253,Nikhil J,9.2,"C++, Tableau, Power BI",ML Cert,74%,No,Yes,,Excellent (9-10)
1254,Divya A,6.1,"C++, Java, SQL, HTML","Web Dev Cert, None",66%,No,No,,Average (6-6.9)
1255,Vikram J,9.3,"Excel, SQL, CSS","ML Cert, None",76%,No,Yes,Data Engineer,Excellent (9-10)
1256,Vikram R,6.9,"SQL, C++",Excel,74%,Yes,Yes,Data Engineer,Average (6-6.9)
1257,Anjali S,5.4,"HTML, JavaScript, CSS, C++",Web Dev Cert,92%,No,No,,Low (<6)
1258,Kavya N,7.8,"HTML, Tableau, SQL","None, Excel",74%,No,Yes,Data Analyst,Good (7-7.9)
1259,Rahul T,8.7,"C++, Power BI, Tableau",Power BI,74%,Yes,Yes,,Very Good (8-8.9)
1260,Kavya L,8.0,"HTML, Java","Web Dev Cert, Power BI",79%,No,Yes,Web Developer,Very Good (8-8.9)
1261,Nikhil K,9.3,"Python, HTML",,100%,Yes,No,,Excellent (9-10)
1262,Anjali D,7.8,"JavaScript, C++",Excel,86%,No,Yes,Data Engineer,Good (7-7.9)
1263,Divya T,5.6,"SQL, HTML, Power BI",Web Dev Cert,71%,No,Yes,BI Developer,Low (<6)
1264,Swathi R,7.3,"SQL, Excel",Power BI,72%,No,Yes,Data Engineer,Good (7-7.9)
1265,Anjali J,8.5,"Tableau, JavaScript, C++","Web Dev Cert, Power BI",73%,No,Yes,,Very Good (8-8.9)
1266,Arun J,5.7,"Power BI, Tableau, Java","ML Cert, Excel",83%,No,No,,Low (<6)
1267,Rohan J,6.5,"Excel, HTML",ML Cert,85%,No,No,,Average (6-6.9)
1268,Anjali A,9.9,"HTML, Tableau","Power BI, Web Dev Cert",76%,No,No,,Excellent (9-10)
1269,Rahul J,6.9,"Excel, SQL, Tableau, Power BI","Web Dev Cert, None",98%,No,No,,Average (6-6.9)
1270,Swathi M,5.5,"Excel, CSS","Power BI, Excel",96%,Yes,No,,Low (<6)
1271,Divya L,7.7,"JavaScript, Power BI","Power BI, Excel",91%,No,Yes,,Good (7-7.9)
1272,Nikhil S,8.0,"HTML, Excel, CSS, SQL","None, ML Cert",86%,No,Yes,Web Developer,Very Good (8-8.9)
1273,Priya J,9.2,"SQL, CSS, Python, Power BI",Power BI,66%,No,Yes,,Excellent (9-10)
1274,Nikhil S,7.0,"SQL, Python, JavaScript","None, Power BI",88%,Yes,Yes,Web Developer,Good (7-7.9)
1275,Divya A,9.0,"Java, C++",Power BI,99%,Yes,Yes,Software Engineer,Excellent (9-10)
1276,Kavya K,5.7,"SQL, Excel, C++",ML Cert,89%,No,No,,Low (<6)
1277,Rohan A,8.7,"C++, Tableau","Excel, ML Cert",73%,No,No,,Very Good (8-8.9)
1278,Swathi N,8.9,"Python, Tableau, CSS, Java",Power BI,95%,Yes,Yes,BI Developer,Very Good (8-8.9)
1279,Kavya J,9.8,"CSS, Tableau, Power BI, C++",,92%,Yes,Yes,Web Developer,Excellent (9-10)
1280,Swathi K,7.2,"Power BI, SQL, Java, JavaScript","ML Cert, None",93%,No,Yes,,Good (7-7.9)
1281,Kavya A,6.1,"SQL, C++, HTML, CSS",ML Cert,77%,Yes,No,,Average (6-6.9)
1282,Arun R,5.1,"Tableau, HTML",,67%,No,Yes,Web Developer,Low (<6)
1283,Vikram T,6.1,"SQL, Python","ML Cert, Web Dev Cert",75%,No,No,,Average (6-6.9)
1284,Anjali K,6.3,"Java, HTML",,85%,Yes,Yes,Web Developer,Average (6-6.9)
1285,Rohan N,8.7,"Tableau, SQL, Python, C++","Excel, Web Dev Cert",89%,No,No,,Very Good (8-8.9)
1286,Swathi K,6.8,"JavaScript, Java, Power BI, Python","Web Dev Cert, ML Cert",82%,No,No,,Average (6-6.9)
1287,Rohan N,8.3,"Python, CSS, JavaScript",,89%,Yes,Yes,Web Developer,Very Good (8-8.9)
1288,Vikram N,7.8,"CSS, JavaScript, Excel","ML Cert, Web Dev Cert",89%,Yes,No,,Good (7-7.9)
1289,Divya R,6.8,"Python, C++, CSS, Java",Excel,93%,Yes,No,,Average (6-6.9)
1290,Nikhil R,5.3,"Java, Python, Tableau","Web Dev Cert, ML Cert",82%,No,No,,Low (<6)
1291,Kavya N,9.2,"CSS, Excel","None, Web Dev Cert",99%,Yes,Yes,Data Engineer,Excellent (9-10)
1292,Nikhil T,9.5,"SQL, Power BI",,75%,Yes,No,,Excellent (9-10)
1293,Arun T,8.7,"SQL, Java, JavaScript, C++","ML Cert, Power BI",73%,Yes,Yes,Data Engineer,Very Good (8-8.9)
1294,Rohan L,8.0,"Python, JavaScript",Power BI,94%,Yes,Yes,Web Developer,Very Good (8-8.9)
1295,Anjali M,8.5,"Excel, HTML",Power BI,89%,No,Yes,Data Analyst,Very Good (8-8.9)
1296,Nikhil L,8.9,"Excel, JavaScript, Power BI","Web Dev Cert, Excel",93%,No,Yes,,Very Good (8-8.9)
1297,Arun D,8.9,"Excel, Power BI, C++, JavaScript",Web Dev Cert,92%,No,No,,Very Good (8-8.9)
1298,Nikhil R,8.8,"JavaScript, CSS, Java","Web Dev Cert, Power BI",85%,Yes,No,,Very Good (8-8.9)
1299,Rahul D,9.6,"JavaScript, HTML, Power BI, Excel","Power BI, None",83%,No,Yes,Data Analyst,Excellent (9-10)
1300,Swathi K,9.5,"Python, Java, Excel",,95%,No,No,,Excellent (9-10)
1301,Anjali K,5.1,"CSS, Python, Tableau, SQL","Web Dev Cert, ML Cert",81%,Yes,No,,Low (<6)
1302,Kavya S,6.2,"Java, CSS","ML Cert, Excel",89%,Yes,No,,Average (6-6.9)
1303,Swathi D,9.4,"HTML, Python, C++, Tableau",Web Dev Cert,74%,Yes,Yes,Software Engineer,Excellent (9-10)
1304,Arun K,5.4,"Python, Power BI, Java, SQL","Web Dev Cert, ML Cert",85%,No,No,,Low (<6)
1305,Arun S,9.0,"C++, CSS, Python, Excel","Excel, None",99%,Yes,Yes,Data Analyst,Excellent (9-10)
1306,Priya L,9.0,"Excel, Java, JavaScript","ML Cert, Power BI",69%,Yes,Yes,BI Developer,Excellent (9-10)
1307,Rahul M,8.3,"Java, Python, JavaScript, SQL","ML Cert, Power BI",65%,No,Yes,,Very Good (8-8.9)
1308,Vikram M,6.9,"SQL, Java","Excel, ML Cert",100%,Yes,Yes,,Average (6-6.9)
1309,Rahul M,6.1,"Tableau, JavaScript, HTML, Excel","Power BI, Web Dev Cert",81%,No,No,,Average (6-6.9)
1310,Arun S,6.2,"Python, CSS, SQL, Power BI","Web Dev Cert, None",94%,Yes,Yes,Data Engineer,Average (6-6.9)
1311,Arun D,6.8,"JavaScript, Excel, C++","None, Power BI",68%,Yes,No,,Average (6-6.9)
1312,Divya R,8.7,"Excel, SQL, C++","Excel, None",93%,Yes,Yes,,Very Good (8-8.9)
1313,Anjali R,7.3,"Java, Tableau, C++",Web Dev Cert,92%,Yes,Yes,BI Developer,Good (7-7.9)
1314,Anjali M,9.9,"Java, JavaScript, C++",Excel,65%,Yes,Yes,Data Analyst,Excellent (9-10)
1315,Vikram A,9.0,"Excel, Java",Excel,88%,Yes,Yes,,Excellent (9-10)
1316,Rohan R,6.9,"Tableau, Excel, JavaScript",Power BI,95%,No,No,,Average (6-6.9)
1317,Vikram T,6.6,"C++, JavaScript","Power BI, Excel",73%,No,No,,Average (6-6.9)
1318,Swathi T,7.9,"Power BI, Excel, C++","None, Power BI",98%,No,No,,Good (7-7.9)
1319,Anjali A,7.0,"CSS, SQL, Power BI, JavaScript",Excel,83%,No,Yes,BI Developer,Good (7-7.9)
1320,Swathi A,5.8,"Java, Tableau",Web Dev Cert,72%,No,Yes,Web Developer,Low (<6)
1321,Vikram R,8.8,"Python, JavaScript, C++, CSS",ML Cert,90%,No,No,,Very Good (8-8.9)
1322,Arun N,5.5,"CSS, SQL, C++, Python","Web Dev Cert, ML Cert",88%,Yes,No,,Low (<6)
1323,Kavya R,8.1,"Tableau, SQL, CSS",ML Cert,97%,No,Yes,Web Developer,Very Good (8-8.9)
1324,Nikhil J,9.1,"Excel, Tableau, Java, C++","Web Dev Cert, Power BI",71%,No,Yes,Software Engineer,Excellent (9-10)
1325,Vikram T,8.5,"Excel, HTML, CSS, SQL",Web Dev Cert,100%,Yes,No,,Very Good (8-8.9)
1326,Rohan M,9.8,"SQL, Power BI, HTML, JavaScript",,65%,Yes,Yes,Web Developer,Excellent (9-10)
1327,Arun D,7.8,"Java, CSS, C++","Web Dev Cert, Power BI",84%,No,Yes,,Good (7-7.9)
1328,Nikhil D,5.5,"Power BI, JavaScript",Excel,70%,Yes,No,,Low (<6)
1329,Nikhil D,7.0,"C++, Power BI, SQL",ML Cert,95%,Yes,Yes,,Good (7-7.9)
1330,Anjali D,7.8,"Tableau, CSS, Java","None, Web Dev Cert",96%,No,No,,Good (7-7.9)
1331,Swathi N,5.2,"Tableau, Java, Power BI",ML Cert,77%,Yes,No,,Low (<6)
1332,Nikhil M,6.5,"Python, Java, CSS",ML Cert,97%,No,Yes,,Average (6-6.9)
1333,Arun D,6.1,"Python, Tableau, Java","Power BI, ML Cert",83%,No,Yes,Software Engineer,Average (6-6.9)
1334,Rahul S,5.4,"Tableau, JavaScript","ML Cert, None",66%,No,No,,Low (<6)
1335,Arun N,9.4,"C++, SQL, CSS, Power BI","Web Dev Cert, Excel",71%,No,No,,Excellent (9-10)
1336,Divya S,5.4,"CSS, Tableau",Web Dev Cert,97%,No,No,,Low (<6)
1337,Vikram A,7.4,"Java, Excel",,98%,Yes,No,,Good (7-7.9)
1338,Vikram J,7.4,"HTML, SQL","Web Dev Cert, None",71%,No,Yes,Data Engineer,Good (7-7.9)
1339,Kavya K,9.3,"Python, SQL","Excel, Power BI",93%,Yes,Yes,Software Engineer,Excellent (9-10)
1340,Swathi R,8.5,"Python, JavaScript","None, Power BI",79%,Yes,Yes,,Very Good (8-8.9)
1341,Rohan R,9.2,"JavaScript, CSS, SQL",ML Cert,84%,Yes,Yes,,Excellent (9-10)
1342,Priya L,6.4,"Java, Python, SQL",Web Dev Cert,75%,Yes,Yes,BI Developer,Average (6-6.9)
1343,Vikram K,9.3,"Power BI, Python, JavaScript, C++","Excel, None",78%,No,No,,Excellent (9-10)
1344,Divya J,6.3,"Python, HTML, Tableau",Web Dev Cert,73%,No,No,,Average (6-6.9)
1345,Vikram J,8.1,"C++, HTML",ML Cert,96%,Yes,Yes,BI Developer,Very Good (8-8.9)
1346,Rohan D,8.6,"C++, Power BI",Excel,82%,Yes,No,,Very Good (8-8.9)
1347,Nikhil N,7.7,"JavaScript, Excel","ML Cert, Web Dev Cert",93%,No,Yes,BI Developer,Good (7-7.9)
1348,Vikram R,7.2,"Excel, C++, Power BI","Power BI, Web Dev Cert",85%,No,Yes,Data Analyst,Good (7-7.9)
1349,Priya A,6.3,"JavaScript, Excel, HTML, Power BI","None, ML Cert",83%,Yes,No,,Average (6-6.9)
1350,Arun J,6.3,"Excel, Python, Tableau","Excel, Web Dev Cert",73%,No,No,,Average (6-6.9)
1351,Vikram R,8.9,"CSS, Power BI, SQL","Web Dev Cert, Excel",76%,No,Yes,BI Developer,Very Good (8-8.9)
1352,Divya J,5.3,"JavaScript, Java",Web Dev Cert,67%,No,No,,Low (<6)
1353,Priya L,9.6,"C++, Java",ML Cert,97%,No,Yes,,Excellent (9-10)
1354,Rahul R,5.9,"Excel, Power BI",,81%,No,No,,Low (<6)
1355,Rahul K,5.5,"HTML, Python, CSS, Tableau","Power BI, None",91%,No,No,,Low (<6)
1356,Anjali A,6.9,"JavaScript, Python, Excel",ML Cert,72%,No,No,,Average (6-6.9)
1357,Divya J,8.5,"Power BI, Tableau, C++","Excel, Power BI",91%,No,Yes,Web Developer,Very Good (8-8.9)
1358,Rohan D,7.8,"C++, Power BI, Tableau, CSS","None, Power BI",66%,No,No,,Good (7-7.9)
1359,Arun L,7.4,"JavaScript, C++, Java, HTML",,86%,No,Yes,Software Engineer,Good (7-7.9)
1360,Rahul M,8.4,"Power BI, Java",Excel,72%,Yes,Yes,BI Developer,Very Good (8-8.9)
1361,Rohan T,6.8,"Java, Tableau, HTML","None, ML Cert",73%,Yes,No,,Average (6-6.9)
1362,Vikram L,8.4,"JavaScript, SQL","Power BI, Excel",91%,No,Yes,Data Engineer,Very Good (8-8.9)
1363,Rahul R,5.9,"Excel, HTML",ML Cert,73%,No,No,,Low (<6)
1364,Swathi D,8.1,"JavaScript, Python, Excel, CSS",ML Cert,65%,Yes,No,,Very Good (8-8.9)
1365,Kavya A,6.5,"Excel, Python, C++, SQL",Excel,82%,Yes,No,,Average (6-6.9)
1366,Vikram J,6.8,"Python, Tableau, Excel","Power BI, None",100%,No,No,,Average (6-6.9)
1367,Divya T,8.4,"Excel, JavaScript",,99%,Yes,Yes,,Very Good (8-8.9)
1368,Anjali L,9.4,"Python, CSS, Power BI, C++",,91%,Yes,Yes,,Excellent (9-10)
1369,Vikram D,7.8,"Excel, Java",Power BI,100%,Yes,No,,Good (7-7.9)
1370,Rohan M,6.7,"Java, Tableau, HTML",Web Dev Cert,91%,No,No,,Average (6-6.9)
1371,Kavya N,7.1,"Tableau, SQL",ML Cert,87%,Yes,No,,Good (7-7.9)
1372,Arun R,8.8,"Power BI, Java, SQL",Power BI,88%,Yes,Yes,BI Developer,Very Good (8-8.9)
1373,Rohan J,8.4,"JavaScript, Java, HTML, Power BI",Web Dev Cert,100%,Yes,No,,Very Good (8-8.9)
1374,Arun D,5.9,"HTML, Excel","Excel, Power BI",66%,No,No,,Low (<6)
1375,Rahul M,7.6,"Tableau, SQL, JavaScript, Power BI",Web Dev Cert,84%,No,No,,Good (7-7.9)
1376,Arun J,6.5,"Tableau, JavaScript",Web Dev Cert,93%,Yes,No,,Average (6-6.9)
1377,Swathi R,6.0,"Power BI, JavaScript, HTML, Python","Power BI, ML Cert",73%,Yes,No,,Average (6-6.9)
1378,Nikhil J,6.2,"HTML, Tableau, Power BI, SQL","Web Dev Cert, ML Cert",82%,Yes,No,,Average (6-6.9)
1379,Swathi T,7.1,"Python, SQL, Excel, Java",Power BI,73%,Yes,Yes,BI Developer,Good (7-7.9)
1380,Priya R,5.5,"SQL, Tableau","Excel, ML Cert",81%,Yes,No,,Low (<6)
1381,Nikhil S,5.5,"Java, C++, Power BI",,98%,Yes,No,,Low (<6)
1382,Divya S,6.5,"CSS, Python, Excel, SQL","Power BI, Excel",92%,No,No,,Average (6-6.9)
1383,Rohan T,6.2,"Tableau, JavaScript",,76%,Yes,Yes,Software Engineer,Average (6-6.9)
1384,Rahul S,9.5,"SQL, Excel, Python, Java","None, ML Cert",81%,No,No,,Excellent (9-10)
1385,Vikram K,9.3,"Python, C++, CSS",Web Dev Cert,85%,Yes,No,,Excellent (9-10)
1386,Kavya T,8.7,"JavaScript, Java","None, Web Dev Cert",100%,No,Yes,,Very Good (8-8.9)
1387,Rohan L,8.1,"SQL, Java, CSS","ML Cert, Power BI",68%,Yes,Yes,,Very Good (8-8.9)
1388,Rahul R,6.3,"CSS, JavaScript",Excel,98%,Yes,Yes,Software Engineer,Average (6-6.9)
1389,Anjali K,5.1,"HTML, SQL, Tableau","Power BI, Web Dev Cert",86%,No,No,,Low (<6)
1390,Divya A,5.7,"CSS, HTML, Tableau, JavaScript","Power BI, ML Cert",89%,No,Yes,Data Analyst,Low (<6)
1391,Divya N,8.7,"HTML, Power BI, Tableau, SQL",,85%,No,Yes,Software Engineer,Very Good (8-8.9)
1392,Vikram T,5.0,"Java, SQL, Power BI, C++","ML Cert, Web Dev Cert",100%,No,No,,Low (<6)
1393,Rahul K,9.1,"HTML, Python, Java, Tableau","None, Web Dev Cert",86%,No,No,,Excellent (9-10)
1394,Swathi T,9.0,"Tableau, Excel, Python, CSS","Web Dev Cert, ML Cert",84%,No,Yes,Software Engineer,Excellent (9-10)
1395,Nikhil K,8.9,"Java, C++, CSS","ML Cert, None",68%,No,No,,Very Good (8-8.9)
1396,Rohan T,9.8,"Power BI, CSS, SQL",Power BI,79%,No,No,,Excellent (9-10)
1397,Vikram D,6.6,"Python, C++, JavaScript, Tableau",,93%,Yes,No,,Average (6-6.9)
1398,Swathi T,6.9,"SQL, HTML",Web Dev Cert,69%,Yes,No,,Average (6-6.9)
1399,Vikram D,7.7,"CSS, C++","Power BI, Excel",99%,Yes,No,,Good (7-7.9)
1400,Anjali R,7.0,"Excel, Python, C++, SQL","Excel, Power BI",70%,No,Yes,,Good (7-7.9)
1401,Rahul L,8.7,"Tableau, Python, Excel",Excel,68%,Yes,Yes,Data Analyst,Very Good (8-8.9)
1402,Kavya L,5.1,"Tableau, HTML, C++, Power BI","None, Power BI",80%,No,No,,Low (<6)
1403,Arun J,5.9,"JavaScript, CSS, Tableau",Excel,65%,No,Yes,Data Analyst,Low (<6)
1404,Rohan J,6.2,"Python, CSS",Web Dev Cert,93%,Yes,No,,Average (6-6.9)
1405,Anjali J,7.0,"Excel, Java, Python",Power BI,73%,Yes,Yes,Data Engineer,Good (7-7.9)
1406,Arun M,6.8,"JavaScript, C++",Power BI,67%,Yes,Yes,Software Engineer,Average (6-6.9)
1407,Divya K,6.4,"CSS, JavaScript, Power BI, Java",Web Dev Cert,87%,Yes,No,,Average (6-6.9)
1408,Rahul N,5.8,"JavaScript, C++, Power BI, Java","Power BI, Web Dev Cert",66%,No,No,,Low (<6)
1409,Swathi D,5.1,"CSS, JavaScript, HTML","ML Cert, None",81%,No,No,,Low (<6)
1410,Anjali K,5.5,"JavaScript, Tableau, Power BI","None, Power BI",88%,No,Yes,Data Engineer,Low (<6)
1411,Priya D,6.1,"Tableau, C++, CSS, SQL","Power BI, ML Cert",68%,No,No,,Average (6-6.9)
1412,Kavya J,9.8,"C++, Tableau, Python, Power BI","Power BI, ML Cert",77%,Yes,Yes,Data Analyst,Excellent (9-10)
1413,Arun D,8.8,"Python, Java",ML Cert,78%,Yes,Yes,,Very Good (8-8.9)
1414,Vikram D,7.8,"Python, Excel, CSS","None, ML Cert",78%,Yes,Yes,BI Developer,Good (7-7.9)
1415,Swathi A,9.2,"Python, CSS, Excel, HTML","Excel, ML Cert",77%,No,Yes,Web Developer,Excellent (9-10)
1416,Arun N,7.4,"HTML, JavaScript, Tableau, Java","None, ML Cert",75%,No,No,,Good (7-7.9)
1417,Vikram R,5.6,"SQL, Tableau, Power BI",Web Dev Cert,98%,No,No,,Low (<6)
1418,Rahul J,7.7,"JavaScript, CSS, C++","Web Dev Cert, Excel",66%,No,Yes,Software Engineer,Good (7-7.9)
1419,Anjali L,7.9,"Tableau, Java",,70%,No,No,,Good (7-7.9)
1420,Arun K,5.7,"C++, Excel",,95%,Yes,No,,Low (<6)
1421,Swathi N,5.9,"Java, Power BI, Tableau",ML Cert,70%,Yes,Yes,Data Engineer,Low (<6)
1422,Arun J,7.1,"HTML, CSS","Excel, Web Dev Cert",74%,Yes,No,,Good (7-7.9)
1423,Nikhil N,8.7,"Power BI, Tableau",Web Dev Cert,96%,No,Yes,Software Engineer,Very Good (8-8.9)
1424,Nikhil L,6.7,"C++, SQL",,77%,Yes,No,,Average (6-6.9)
1425,Rahul K,6.5,"Java, Power BI, HTML, JavaScript",Web Dev Cert,86%,No,Yes,,Average (6-6.9)
1426,Divya M,5.4,"HTML, Python, Java, Power BI","Excel, Web Dev Cert",86%,No,No,,Low (<6)
1427,Rahul A,8.0,"Java, Python, Tableau, C++","ML Cert, Power BI",100%,Yes,No,,Very Good (8-8.9)
1428,Divya D,6.8,"JavaScript, C++","Excel, Web Dev Cert",94%,Yes,No,,Average (6-6.9)
1429,Kavya S,9.7,"HTML, Python, C++",Excel,79%,Yes,Yes,Software Engineer,Excellent (9-10)
1430,Rahul D,9.7,"Power BI, JavaScript","Power BI, Web Dev Cert",77%,Yes,Yes,Data Engineer,Excellent (9-10)
1431,Kavya M,7.8,"C++, Tableau","None, ML Cert",66%,Yes,Yes,Data Engineer,Good (7-7.9)
1432,Kavya A,8.1,"Java, Excel, C++",,80%,No,No,,Very Good (8-8.9)
1433,Rohan K,5.5,"Java, HTML, Python","None, Web Dev Cert",79%,Yes,Yes,Software Engineer,Low (<6)
1434,Rahul N,7.3,"CSS, Power BI, Python, Tableau","ML Cert, Power BI",73%,No,Yes,,Good (7-7.9)
1435,Swathi L,8.9,"Excel, C++",,71%,Yes,No,,Very Good (8-8.9)
1436,Rohan L,5.4,"Java, C++",Excel,97%,No,No,,Low (<6)
1437,Priya R,6.5,"HTML, CSS, SQL, C++",ML Cert,99%,Yes,No,,Average (6-6.9)
1438,Priya K,8.0,"Tableau, Java, Python, JavaScript","Excel, ML Cert",87%,Yes,Yes,Data Analyst,Very Good (8-8.9)
1439,Anjali M,9.5,"HTML, Power BI","Web Dev Cert, ML Cert",84%,No,No,,Excellent (9-10)
1440,Swathi M,7.6,"CSS, HTML, Python",ML Cert,92%,Yes,Yes,Web Developer,Good (7-7.9)
1441,Priya R,8.1,"JavaScript, HTML",Excel,100%,No,No,,Very Good (8-8.9)
1442,Rohan R,9.4,"Python, Tableau, Java, Excel",Power BI,98%,No,No,,Excellent (9-10)
1443,Divya A,6.4,"HTML, CSS",Excel,91%,No,No,,Average (6-6.9)
1444,Priya N,8.3,"HTML, Excel","Web Dev Cert, Power BI",97%,Yes,Yes,Software Engineer,Very Good (8-8.9)
1445,Swathi D,5.4,"Python, Java, Power BI",Web Dev Cert,74%,No,Yes,Web Developer,Low (<6)
1446,Vikram R,6.5,"HTML, Excel",Power BI,65%,Yes,No,,Average (6-6.9)
1447,Rohan A,9.2,"CSS, Java, Excel",Web Dev Cert,93%,Yes,No,,Excellent (9-10)
1448,Divya D,5.6,"Tableau, Python, HTML","None, ML Cert",78%,No,No,,Low (<6)
1449,Rohan A,7.5,"JavaScript, Excel, C++","Web Dev Cert, None",80%,No,No,,Good (7-7.9)
1450,Priya T,9.2,"Java, Tableau, Python, CSS",Web Dev Cert,78%,Yes,No,,Excellent (9-10)
1451,Anjali K,7.2,"Python, CSS",Power BI,79%,No,Yes,,Good (7-7.9)
1452,Anjali N,6.8,"Python, CSS, Java",Power BI,68%,No,No,,Average (6-6.9)
1453,Kavya T,8.0,"Tableau, CSS",Web Dev Cert,86%,No,No,,Very Good (8-8.9)
1454,Divya L,5.1,"Excel, Power BI, SQL, Python",,70%,Yes,No,,Low (<6)
1455,Rahul A,8.9,"CSS, HTML",,81%,No,No,,Very Good (8-8.9)
1456,Rohan M,7.2,"HTML, Excel, Power BI, CSS",Excel,84%,Yes,No,,Good (7-7.9)
1457,Arun L,8.9,"Python, C++, CSS, JavaScript","Web Dev Cert, ML Cert",70%,Yes,No,,Very Good (8-8.9)
1458,Swathi A,9.9,"Tableau, Python, Excel, Power BI","None, Web Dev Cert",87%,No,No,,Excellent (9-10)
1459,Arun T,5.8,"CSS, Python, Power BI",Web Dev Cert,66%,Yes,No,,Low (<6)
1460,Divya J,7.6,"CSS, HTML, Tableau, SQL","ML Cert, Power BI",81%,No,No,,Good (7-7.9)
1461,Swathi A,8.7,"Python, CSS, C++","Web Dev Cert, ML Cert",93%,Yes,Yes,Data Analyst,Very Good (8-8.9)
1462,Nikhil K,8.1,"Power BI, SQL, CSS, C++",Excel,65%,No,No,,Very Good (8-8.9)
1463,Nikhil K,8.2,"C++, CSS","Excel, None",94%,Yes,Yes,Data Engineer,Very Good (8-8.9)
1464,Nikhil R,8.0,"Power BI, Python, SQL, HTML","Web Dev Cert, Power BI",95%,No,Yes,Software Engineer,Very Good (8-8.9)
1465,Rohan N,7.2,"HTML, Excel, Python, JavaScript",,88%,Yes,No,,Good (7-7.9)
1466,Nikhil S,6.1,"CSS, HTML, Excel, C++","Power BI, ML Cert",82%,Yes,Yes,,Average (6-6.9)
1467,Nikhil K,9.2,"JavaScript, HTML",Web Dev Cert,94%,No,Yes,Data Engineer,Excellent (9-10)
1468,Nikhil L,9.7,"Tableau, JavaScript, CSS, HTML","None, Web Dev Cert",90%,Yes,Yes,Data Analyst,Excellent (9-10)
1469,Nikhil K,6.4,"Python, C++, Tableau","ML Cert, Power BI",98%,Yes,No,,Average (6-6.9)
1470,Anjali J,9.0,"Java, C++",Power BI,99%,Yes,Yes,Data Analyst,Excellent (9-10)
1471,Arun D,5.3,"Excel, CSS, Tableau","Power BI, None",95%,No,No,,Low (<6)
1472,Swathi D,8.4,"Java, SQL","Excel, Power BI",67%,Yes,Yes,Web Developer,Very Good (8-8.9)
1473,Swathi R,9.6,"HTML, Power BI","Excel, Web Dev Cert",94%,No,Yes,Data Engineer,Excellent (9-10)
1474,Rahul T,6.1,"Excel, CSS, JavaScript, HTML","None, Power BI",88%,No,No,,Average (6-6.9)
1475,Vikram M,9.8,"Tableau, CSS, HTML",Excel,100%,Yes,Yes,Web Developer,Excellent (9-10)
1476,Priya R,7.6,"JavaScript, SQL, C++, Tableau","Web Dev Cert, Power BI",90%,Yes,Yes,Web Developer,Good (7-7.9)
1477,Priya D,7.2,"SQL, Java, Power BI",Excel,80%,Yes,No,,Good (7-7.9)
1478,Rohan S,6.4,"SQL, JavaScript, Java","Excel, Power BI",85%,No,Yes,Data Analyst,Average (6-6.9)
1479,Anjali K,9.0,"CSS, JavaScript","Power BI, Excel",71%,Yes,No,,Excellent (9-10)
1480,Nikhil L,9.9,"Python, HTML, Tableau, C++",Excel,66%,No,Yes,Data Analyst,Excellent (9-10)
1481,Rahul L,6.6,"CSS, Excel",Web Dev Cert,92%,No,No,,Average (6-6.9)
1482,Nikhil J,6.8,"Power BI, HTML, JavaScript",,98%,Yes,No,,Average (6-6.9)
1483,Rohan D,7.1,"C++, Tableau","ML Cert, Excel",96%,Yes,Yes,,Good (7-7.9)
1484,Kavya K,7.0,"SQL, Excel, HTML",Web Dev Cert,91%,Yes,No,,Good (7-7.9)
1485,Divya R,8.2,"JavaScript, Tableau, Python",ML Cert,84%,Yes,Yes,,Very Good (8-8.9)
1486,Nikhil J,8.8,"Java, HTML, Excel","Power BI, ML Cert",70%,Yes,Yes,Data Engineer,Very Good (8-8.9)
1487,Priya T,7.9,"Excel, Python","Power BI, None",95%,Yes,No,,Good (7-7.9)
1488,Rahul R,9.8,"HTML, Python, CSS, C++",Web Dev Cert,99%,Yes,No,,Excellent (9-10)
1489,Kavya J,6.5,"CSS, JavaScript, Excel, C++","Web Dev Cert, ML Cert",66%,Yes,No,,Average (6-6.9)
1490,Anjali T,6.5,"JavaScript, CSS, Python","Excel, Web Dev Cert",85%,Yes,No,,Average (6-6.9)
1491,Rahul J,9.3,"CSS, HTML","Web Dev Cert, Excel",71%,No,Yes,Data Engineer,Excellent (9-10)
1492,Anjali N,9.7,"C++, Power BI, JavaScript, CSS",Excel,89%,No,Yes,Web Developer,Excellent (9-10)
1493,Anjali T,8.1,"Tableau, HTML, Power BI, JavaScript","Web Dev Cert, ML Cert",76%,No,No,,Very Good (8-8.9)
1494,Nikhil K,9.4,"Tableau, CSS, C++, Python","ML Cert, Power BI",97%,Yes,No,,Excellent (9-10)
1495,Swathi A,9.4,"SQL, C++",Excel,95%,Yes,Yes,BI Developer,Excellent (9-10)
1496,Nikhil D,8.8,"Python, C++, Java, JavaScript","None, Excel",81%,No,No,,Very Good (8-8.9)
1497,Nikhil L,9.6,"C++, Power BI",Power BI,76%,Yes,Yes,BI Developer,Excellent (9-10)
1498,Rahul R,6.7,"JavaScript, SQL, Tableau, Excel","Power BI, None",70%,No,No,,Average (6-6.9)
1499,Priya T,7.3,"HTML, Excel, JavaScript, Tableau",Power BI,72%,Yes,Yes,,Good (7-7.9)
1500,Vikram D,5.9,"SQL, Java",Power BI,70%,No,Yes,,Low (<6)
